{"cameraMode":{"drawMode":0,"name":"Shaded","section":"Shading Mode"},"sceneLighting":true,"audioPlay":false,"sceneViewState":{"m_AlwaysRefresh":false,"showFog":true,"showSkybox":true,"showFlares":true,"showImageEffects":true,"showParticleSystems":true,"showVisualEffectGraphs":true,"m_FxEnabled":true},"in2DMode":false,"pivot":{"x":0.2377142310142517,"y":-0.542914867401123,"z":0.813065767288208},"rotation":{"x":0.7045985460281372,"y":-0.001999886939302087,"z":0.0022445986978709699,"w":0.7096808552742004},"size":5.874403953552246,"orthographic":true}